{"name":"800fefc1-1d60-41c9-bad5-49dd01604476","id":"/providers/Microsoft.Flow/flows/800fefc1-1d60-41c9-bad5-49dd01604476","type":"Microsoft.Flow/flows","properties":{"apiId":"/providers/Microsoft.PowerApps/apis/shared_logicflows","displayName":"Mail merge with attachment and CC","definition":{"metadata":{"workflowEntityId":null,"processAdvisorMetadata":null,"flowChargedByPaygo":null,"flowclientsuspensionreason":"None","flowclientsuspensiontime":null,"flowclientsuspensionreasondetails":null,"creator":{"id":"bb87c8e7-8b9e-49b7-8eb0-fd3aea7596cf","type":"User","tenantId":"88b378b3-6748-4867-acf9-76aacbeca6a7"},"provisioningMethod":"FromDefinition","failureAlertSubscription":true,"clientLastModifiedTime":"2023-08-11T15:25:47.675105Z"},"$schema":"https://schema.management.azure.com/providers/Microsoft.Logic/schemas/2016-06-01/workflowdefinition.json#","contentVersion":"1.0.0.0","parameters":{"$connections":{"defaultValue":{},"type":"Object"},"$authentication":{"defaultValue":{},"type":"SecureObject"}},"triggers":{"manual":{"metadata":{"operationMetadataId":"a325c8bd-0888-4116-a6c0-5c04ea614272"},"type":"Request","kind":"Button","inputs":{"schema":{"type":"object","properties":{},"required":[]}}}},"actions":{"Get_attachment_folder_path":{"runAfter":{},"metadata":{"01NXRAH36FXMBEAKIJHNBJSHOTMDYYOTBG":"/Downloads/send bulk emails w power automate/contacts.xlsx","operationMetadataId":"a93b3088-4a7c-429a-8723-69118bdbd0d6","tableId":"{4550A25A-A9B5-4049-805E-C82D0DBDE198}"},"type":"OpenApiConnection","inputs":{"host":{"apiId":"/providers/Microsoft.PowerApps/apis/shared_excelonlinebusiness","connectionName":"shared_excelonlinebusiness","operationId":"GetItem"},"parameters":{"source":"me","drive":"b!LgO7RPx9EUOp82Y8TDDOuuMgPa2QxNpFr6nRMg4OUHADpHfiElbXQI4Fwi9EfcMp","file":"01NXRAH36FXMBEAKIJHNBJSHOTMDYYOTBG","table":"{4550A25A-A9B5-4049-805E-C82D0DBDE198}","idColumn":"item","id":"path"},"authentication":{"value":"@json(decodeBase64(triggerOutputs().headers['X-MS-APIM-Tokens']))['$ConnectionKey']","type":"Raw"}}},"Get_email_subject":{"runAfter":{"Get_attachment_folder_path":["Succeeded"]},"metadata":{"01NXRAH36FXMBEAKIJHNBJSHOTMDYYOTBG":"/Downloads/send bulk emails w power automate/contacts.xlsx","operationMetadataId":"295c3d0a-b503-4d2e-b7ab-1abcc633e219","tableId":"{4550A25A-A9B5-4049-805E-C82D0DBDE198}"},"type":"OpenApiConnection","inputs":{"host":{"apiId":"/providers/Microsoft.PowerApps/apis/shared_excelonlinebusiness","connectionName":"shared_excelonlinebusiness","operationId":"GetItem"},"parameters":{"source":"me","drive":"b!LgO7RPx9EUOp82Y8TDDOuuMgPa2QxNpFr6nRMg4OUHADpHfiElbXQI4Fwi9EfcMp","file":"01NXRAH36FXMBEAKIJHNBJSHOTMDYYOTBG","table":"{4550A25A-A9B5-4049-805E-C82D0DBDE198}","idColumn":"item","id":"subject"},"authentication":{"value":"@json(decodeBase64(triggerOutputs().headers['X-MS-APIM-Tokens']))['$ConnectionKey']","type":"Raw"}}},"Get_contacts_data_from_contacts_table":{"runAfter":{"Get_email_subject":["Succeeded"]},"metadata":{"operationMetadataId":"d92a5f54-fb4f-4a54-a200-6bfd0d84916b","tableId":"{79C650BD-AEF5-41D3-AC98-05E004AEC750}"},"type":"OpenApiConnection","inputs":{"host":{"apiId":"/providers/Microsoft.PowerApps/apis/shared_excelonlinebusiness","connectionName":"shared_excelonlinebusiness","operationId":"GetItems"},"parameters":{"source":"me","drive":"b!LgO7RPx9EUOp82Y8TDDOuuMgPa2QxNpFr6nRMg4OUHADpHfiElbXQI4Fwi9EfcMp","file":"/Downloads/send bulk emails w power automate/contacts.xlsx","table":"{79C650BD-AEF5-41D3-AC98-05E004AEC750}"},"authentication":{"value":"@json(decodeBase64(triggerOutputs().headers['X-MS-APIM-Tokens']))['$ConnectionKey']","type":"Raw"}}},"Loop_through_each_row_and_process_contacts":{"foreach":"@outputs('Get_contacts_data_from_contacts_table')?['body/value']","actions":{"Condition":{"actions":{"Get_file_content_using_path":{"runAfter":{},"metadata":{"operationMetadataId":"7073c0f1-ca5c-48d5-94f3-7ad14d96f694"},"type":"OpenApiConnection","inputs":{"host":{"apiId":"/providers/Microsoft.PowerApps/apis/shared_onedriveforbusiness","connectionName":"shared_onedriveforbusiness","operationId":"GetFileContentByPath"},"parameters":{"path":"@{outputs('Get_attachment_folder_path')?['body/value']}@{items('Loop_through_each_row_and_process_contacts')?['Attachment name']}","inferContentType":true},"authentication":{"value":"@json(decodeBase64(triggerOutputs().headers['X-MS-APIM-Tokens']))['$ConnectionKey']","type":"Raw"}}},"Send_an_email_(V2)":{"runAfter":{"Get_file_content_using_path":["Succeeded"]},"metadata":{"operationMetadataId":"3a059cdf-d5f9-46a6-832e-87129227513c"},"type":"OpenApiConnection","inputs":{"host":{"apiId":"/providers/Microsoft.PowerApps/apis/shared_office365","connectionName":"shared_office365","operationId":"SendEmailV2"},"parameters":{"emailMessage/To":"@items('Loop_through_each_row_and_process_contacts')?['TO']","emailMessage/Subject":"@outputs('Get_email_subject')?['body/value']","emailMessage/Body":"<p>Dear @{items('Loop_through_each_row_and_process_contacts')?['First name']},<br>\n<br>\n<br>\nThis is a test email. Here is a link to the epa website: <a href=\"http://www.epa.gov\">epa.gov</a>.<br>\n<br>\nHere is a new paragraph. Here is some<em> italicized text</em>, and some <strong>bold text</strong>.<br>\n<br>\nThanks!<br>\n<br>\nDog</p>","emailMessage/Cc":"@items('Loop_through_each_row_and_process_contacts')?['CC']","emailMessage/Attachments":[{"Name":"@items('Loop_through_each_row_and_process_contacts')?['Attachment name']","ContentBytes":"@body('Get_file_content_using_path')"}],"emailMessage/Importance":"Normal"},"authentication":{"value":"@json(decodeBase64(triggerOutputs().headers['X-MS-APIM-Tokens']))['$ConnectionKey']","type":"Raw"}}}},"runAfter":{},"expression":{"equals":["@items('Loop_through_each_row_and_process_contacts')?['Email this person?']","1"]},"metadata":{"operationMetadataId":"b243ee8d-0c8c-4f90-a5eb-951eda1bda22"},"type":"If"}},"runAfter":{"Get_contacts_data_from_contacts_table":["Succeeded"]},"metadata":{"operationMetadataId":"757805f2-ad97-4948-8934-286738b6d552"},"type":"Foreach"}}},"connectionReferences":{"shared_excelonlinebusiness":{"connectionName":"shared-excelonlinebu-706b9f3a-56fa-4628-8ed4-539f88d66515","source":"Invoker","id":"/providers/Microsoft.PowerApps/apis/shared_excelonlinebusiness","tier":"NotSpecified"},"shared_onedriveforbusiness":{"connectionName":"shared-onedriveforbu-4a13f60c-b670-4241-b4b2-5017-67584365","source":"Invoker","id":"/providers/Microsoft.PowerApps/apis/shared_onedriveforbusiness","tier":"NotSpecified"},"shared_office365":{"connectionName":"shared-office365-57469bbb-3fb4-46dc-885b-04c3-3becd202","source":"Invoker","id":"/providers/Microsoft.PowerApps/apis/shared_office365","tier":"NotSpecified"}},"flowFailureAlertSubscribed":false,"isManaged":false}}